M/F,Age,Educ,SES,MMSE,CDR,eTIV,nWBV,ASF,CDR_binary,Brain_Volume_Ratio,Age_Cognition_Score
M,87,14,2.0,27.0,0.0,1957,0.696,0.883,0,0.0003556463975472662,261.0
M,88,14,2.0,30.0,0.0,1957,0.681,0.876,0,0.0003479816044966786,0.0
M,75,12,2.0,23.0,0.5,1678,0.736,1.046,1,0.0004386174016686532,525.0
M,76,12,2.0,28.0,0.5,1738,0.713,1.01,1,0.0004102416570771001,152.0
M,80,12,2.0,22.5,0.5,1698,0.701,1.034,1,0.0004128386336866902,600.0
F,88,18,3.0,28.0,0.0,1215,0.71,1.444,0,0.0005843621399176954,176.0
F,90,18,3.0,27.0,0.0,1200,0.718,1.462,0,0.0005983333333333333,270.0
M,80,12,4.0,28.0,0.0,1689,0.712,1.039,0,0.0004215512137359384,160.0
M,83,12,4.0,29.0,0.5,1701,0.711,1.032,1,0.000417989417989418,83.0
M,85,12,4.0,30.0,0.0,1699,0.705,1.033,0,0.00041494997057092405,0.0
M,71,16,2.0,28.0,0.5,1357,0.748,1.293,1,0.0005512159174649963,142.0
M,73,16,2.0,27.0,1.0,1365,0.727,1.286,1,0.0005326007326007326,219.0
M,75,16,2.0,27.0,1.0,1372,0.71,1.279,1,0.0005174927113702623,225.0
F,93,14,2.0,30.0,0.0,1272,0.698,1.38,0,0.0005487421383647799,0.0
F,95,14,2.0,29.0,0.0,1257,0.703,1.396,0,0.0005592680986475735,95.0
M,68,12,2.0,27.0,0.5,1457,0.806,1.205,1,0.0005531914893617022,204.0
M,69,12,2.0,24.0,0.5,1480,0.791,1.186,1,0.0005344594594594595,414.0
F,66,12,3.0,30.0,0.5,1447,0.769,1.213,1,0.0005314443676572219,0.0
F,68,12,3.0,29.0,0.5,1482,0.752,1.184,1,0.0005074224021592443,68.0
F,78,16,2.0,29.0,0.0,1333,0.748,1.316,0,0.0005611402850712678,78.0
F,80,16,2.0,29.0,0.0,1323,0.738,1.326,0,0.0005578231292517006,80.0
F,83,16,2.0,29.0,0.0,1323,0.718,1.327,0,0.0005427059712773999,83.0
F,81,12,4.0,30.0,0.0,1230,0.715,1.427,0,0.0005813008130081301,0.0
F,82,12,4.0,30.0,0.0,1212,0.72,1.448,0,0.000594059405940594,0.0
F,85,12,4.0,29.0,0.0,1225,0.71,1.433,0,0.0005795918367346939,85.0
M,76,16,3.0,22.5,0.5,1602,0.697,1.096,1,0.0004350811485642946,570.0
M,77,16,3.0,22.5,1.0,1590,0.696,1.104,1,0.00043773584905660375,577.5
M,88,8,4.0,25.0,0.5,1651,0.66,1.063,1,0.0003997577225923683,440.0
M,90,8,4.0,23.0,0.5,1668,0.646,1.052,1,0.00038729016786570743,630.0
M,80,12,3.0,29.0,0.0,1783,0.752,0.985,0,0.0004217610768367919,80.0
M,81,12,3.0,27.0,0.5,1814,0.759,0.968,1,0.00041841234840132304,243.0
M,85,12,3.0,30.0,0.0,1820,0.755,0.964,0,0.00041483516483516484,0.0
M,86,12,3.0,27.0,0.0,1813,0.761,0.968,0,0.00041974627688913405,258.0
F,87,14,1.0,30.0,0.0,1406,0.715,1.248,0,0.0005085348506401137,0.0
F,88,14,1.0,29.0,0.0,1398,0.713,1.255,0,0.0005100143061516452,88.0
F,92,14,1.0,27.0,0.5,1423,0.696,1.234,1,0.0004891075193253689,276.0
M,80,20,1.0,29.0,0.0,1587,0.693,1.106,0,0.0004366729678638941,80.0
M,82,20,1.0,28.0,0.5,1606,0.677,1.093,1,0.0004215442092154421,164.0
M,84,20,1.0,26.0,0.5,1597,0.666,1.099,1,0.00041703193487789607,336.0
M,72,20,1.0,26.0,0.5,1911,0.719,0.919,1,0.00037624280481423337,288.0
M,76,20,1.0,25.0,0.5,1926,0.736,0.911,1,0.0003821391484942887,380.0
F,61,16,3.0,30.0,0.0,1313,0.805,1.337,0,0.0006130997715156131,0.0
F,64,16,3.0,29.0,0.0,1316,0.796,1.333,0,0.0006048632218844985,64.0
F,86,12,4.0,22.5,0.5,1247,0.662,1.407,1,0.0005308740978348036,645.0
F,87,12,4.0,22.5,0.5,1250,0.652,1.405,1,0.0005216,652.5
M,82,12,3.0,27.0,0.5,1420,0.713,1.236,1,0.000502112676056338,246.0
M,84,12,3.0,27.0,0.5,1445,0.695,1.214,1,0.00048096885813148787,252.0
F,69,12,3.0,29.0,0.0,1365,0.783,1.286,0,0.0005736263736263737,69.0
F,71,12,3.0,30.0,0.0,1360,0.782,1.291,0,0.000575,0.0
F,73,12,3.0,30.0,0.0,1358,0.775,1.293,0,0.0005706921944035346,0.0
F,74,12,3.0,30.0,0.0,1353,0.772,1.297,0,0.0005705838876570584,0.0
M,64,18,2.0,22.5,0.5,1547,0.737,1.134,1,0.0004764059469941823,480.0
M,66,18,2.0,22.5,1.0,1562,0.717,1.124,1,0.00045902688860435337,495.0
F,77,12,4.0,29.0,0.0,1377,0.734,1.275,0,0.0005330428467683369,77.0
F,80,12,4.0,30.0,0.0,1390,0.735,1.263,0,0.0005287769784172662,0.0
F,60,18,1.0,30.0,0.0,1402,0.822,1.252,0,0.000586305278174037,0.0
F,62,18,1.0,30.0,0.0,1392,0.817,1.261,0,0.0005869252873563218,0.0
F,86,12,3.0,30.0,0.0,1430,0.718,1.227,0,0.0005020979020979021,0.0
F,88,12,3.0,30.0,0.0,1445,0.719,1.215,0,0.0004975778546712803,0.0
F,91,12,3.0,28.0,0.5,1463,0.696,1.199,1,0.0004757347915242652,182.0
M,90,12,3.0,22.5,0.5,1307,0.679,1.342,1,0.0005195103289977047,675.0
M,92,12,3.0,24.0,0.5,1311,0.676,1.339,1,0.0005156369183829139,552.0
F,79,16,1.0,29.0,0.0,1466,0.703,1.197,0,0.00047953615279672576,79.0
F,80,16,1.0,30.0,0.0,1450,0.698,1.21,0,0.00048137931034482757,0.0
F,82,16,1.0,30.0,0.0,1460,0.695,1.202,0,0.00047602739726027395,0.0
F,84,16,1.0,30.0,0.0,1453,0.684,1.208,0,0.00047075017205781144,0.0
F,88,12,4.0,30.0,0.0,1336,0.738,1.313,0,0.0005523952095808383,0.0
F,89,12,4.0,27.0,0.0,1329,0.733,1.32,0,0.0005515425131677953,267.0
F,69,13,4.0,30.0,0.0,1359,0.789,1.291,0,0.0005805739514348786,0.0
F,70,13,4.0,30.0,0.0,1361,0.783,1.29,0,0.0005753122703894195,0.0
F,73,13,4.0,30.0,0.0,1360,0.773,1.291,0,0.0005683823529411765,0.0
F,75,13,4.0,29.0,0.0,1349,0.778,1.301,0,0.0005767234988880652,75.0
M,82,12,4.0,27.0,0.5,1477,0.729,1.188,1,0.0004935680433310765,246.0
M,85,12,4.0,29.0,0.5,1487,0.717,1.18,1,0.00048217888365837254,85.0
M,88,12,4.0,26.0,0.5,1483,0.709,1.184,1,0.0004780849629130141,352.0
M,89,12,4.0,26.0,0.5,1485,0.706,1.181,1,0.0004754208754208754,356.0
F,81,18,2.0,26.0,0.5,1174,0.742,1.495,1,0.0006320272572402045,324.0
F,83,18,2.0,25.0,0.5,1179,0.733,1.488,1,0.0006217133163698049,415.0
M,84,6,4.0,25.0,0.5,1310,0.727,1.339,1,0.0005549618320610687,420.0
M,86,6,4.0,27.0,0.5,1320,0.724,1.329,1,0.0005484848484848485,258.0
M,88,6,4.0,23.0,0.5,1348,0.713,1.302,1,0.0005289317507418397,616.0
F,71,16,1.0,27.0,0.0,1289,0.771,1.362,0,0.0005981380915438324,213.0
F,73,16,1.0,28.0,0.0,1295,0.768,1.356,0,0.000593050193050193,146.0
F,75,16,1.0,28.0,0.5,1314,0.76,1.335,1,0.0005783866057838661,150.0
F,70,17,3.0,29.0,0.0,1640,0.766,1.07,0,0.00046707317073170734,70.0
F,73,17,3.0,29.0,0.0,1665,0.748,1.054,0,0.00044924924924924926,73.0
F,72,12,4.0,26.0,0.5,1453,0.777,1.208,1,0.000534755677907777,288.0
F,73,12,4.0,26.0,0.5,1451,0.757,1.21,1,0.0005217091660923501,292.0
M,68,14,4.0,22.5,1.0,1333,0.685,1.317,1,0.0005138784696174044,510.0
M,69,14,4.0,22.5,1.0,1331,0.678,1.318,1,0.0005093914350112697,517.5
M,71,14,4.0,22.5,1.0,1332,0.679,1.317,1,0.0005097597597597598,532.5
F,75,18,1.0,30.0,0.0,1317,0.737,1.332,0,0.0005596051632498102,0.0
F,77,18,1.0,29.0,0.0,1322,0.731,1.327,0,0.0005529500756429652,77.0
F,83,15,2.0,22.5,0.5,1476,0.75,1.189,1,0.0005081300813008131,622.5
F,85,15,2.0,22.5,1.0,1483,0.748,1.183,1,0.0005043830074173972,637.5
F,77,16,2.0,29.0,0.0,1433,0.723,1.225,0,0.0005045359385903699,77.0
F,78,16,2.0,27.0,0.0,1414,0.727,1.242,0,0.0005141442715700141,234.0
M,66,16,1.0,22.5,1.0,1695,0.711,1.036,1,0.00041946902654867255,495.0
M,66,16,1.0,22.5,1.0,1708,0.703,1.028,1,0.00041159250585480093,495.0
M,68,16,1.0,22.5,1.0,1712,0.691,1.025,1,0.0004036214953271028,510.0
M,68,16,1.0,22.5,1.0,1714,0.682,1.024,1,0.000397899649941657,510.0
M,69,16,1.0,22.5,1.0,1701,0.676,1.032,1,0.0003974132863021752,517.5
F,69,16,3.0,30.0,0.0,1491,0.794,1.177,0,0.0005325285043594903,0.0
F,70,16,3.0,30.0,0.0,1505,0.791,1.166,0,0.0005255813953488372,0.0
F,71,16,3.0,30.0,0.0,1503,0.788,1.168,0,0.0005242847638057219,0.0
M,71,12,4.0,22.5,0.5,1461,0.724,1.202,1,0.0004955509924709103,532.5
M,72,12,4.0,22.5,1.0,1483,0.695,1.184,1,0.0004686446392447741,540.0
F,92,23,1.0,29.0,0.0,1454,0.701,1.207,0,0.0004821182943603851,92.0
F,94,23,1.0,29.0,0.0,1474,0.696,1.19,0,0.0004721845318860244,94.0
F,97,23,1.0,30.0,0.0,1483,0.689,1.184,0,0.00046459878624409976,0.0
M,74,18,2.0,29.0,0.0,1463,0.737,1.199,0,0.0005037593984962406,74.0
M,78,18,2.0,30.0,0.0,1484,0.703,1.183,0,0.0004737196765498652,0.0
F,82,16,3.0,29.0,0.0,1484,0.76,1.183,0,0.0005121293800539083,82.0
F,84,16,3.0,28.0,0.0,1500,0.744,1.17,0,0.000496,168.0
F,85,18,1.0,29.0,0.0,1264,0.701,1.388,0,0.0005545886075949367,85.0
F,87,18,1.0,24.0,0.5,1275,0.683,1.376,1,0.000535686274509804,522.0
M,65,13,3.0,29.0,0.0,1362,0.837,1.289,0,0.0006145374449339207,65.0
M,67,13,3.0,27.0,0.0,1365,0.827,1.285,0,0.0006058608058608059,201.0
F,71,14,2.0,28.0,0.0,1461,0.756,1.202,0,0.0005174537987679671,142.0
F,73,14,2.0,30.0,0.0,1456,0.739,1.205,0,0.000507554945054945,0.0
F,81,12,2.0,30.0,0.0,1599,0.755,1.098,0,0.0004721701063164478,0.0
F,83,12,2.0,29.0,0.0,1569,0.757,1.118,0,0.00048247291268323775,83.0
F,85,12,2.0,30.0,0.0,1580,0.739,1.111,0,0.00046772151898734175,0.0
M,78,14,3.0,30.0,0.5,1315,0.707,1.335,1,0.0005376425855513308,0.0
M,79,14,3.0,26.0,0.5,1308,0.706,1.341,1,0.0005397553516819572,316.0
M,80,14,3.0,29.0,0.5,1324,0.695,1.326,1,0.0005249244712990936,80.0
M,75,13,4.0,29.0,0.5,1416,0.766,1.239,1,0.0005409604519774011,75.0
M,78,13,4.0,28.0,0.5,1408,0.757,1.247,1,0.0005376420454545455,156.0
M,68,18,1.0,30.0,0.0,1654,0.747,1.061,0,0.0004516324062877872,0.0
M,70,18,1.0,30.0,0.0,1660,0.738,1.057,0,0.000444578313253012,0.0
M,72,18,1.0,30.0,0.0,1681,0.729,1.044,0,0.00043367043426531824,0.0
F,79,18,2.0,29.0,0.0,1641,0.695,1.069,0,0.0004235222425350396,79.0
F,81,18,2.0,30.0,0.0,1664,0.677,1.055,0,0.0004068509615384616,0.0
F,83,18,2.0,29.0,0.0,1667,0.688,1.053,0,0.00041271745650869825,83.0
F,80,12,2.0,30.0,0.5,1430,0.737,1.228,1,0.0005153846153846154,0.0
F,81,12,2.0,27.0,0.5,1453,0.721,1.208,1,0.0004962147281486579,243.0
F,78,8,5.0,23.0,1.0,1462,0.691,1.2,1,0.00047264021887824894,546.0
F,81,8,5.0,26.0,0.5,1459,0.694,1.203,1,0.0004756682659355723,324.0
F,82,8,5.0,22.5,0.5,1464,0.682,1.199,1,0.00046584699453551916,615.0
M,61,18,1.0,30.0,1.0,1957,0.734,0.897,1,0.00037506387327542156,0.0
M,62,18,1.0,30.0,0.5,1928,0.731,0.91,1,0.000379149377593361,0.0
M,67,12,4.0,30.0,0.0,1440,0.727,1.219,0,0.0005048611111111111,0.0
M,68,12,4.0,29.0,0.0,1438,0.738,1.22,0,0.0005132127955493741,68.0
M,71,12,4.0,29.0,0.0,1455,0.724,1.206,0,0.0004975945017182131,71.0
M,73,12,4.0,28.0,0.0,1444,0.722,1.215,0,0.0005,146.0
F,88,12,3.0,30.0,0.0,1428,0.7,1.229,0,0.0004901960784313725,0.0
F,90,12,3.0,29.0,0.0,1475,0.676,1.19,0,0.00045830508474576276,90.0
F,81,18,2.0,29.0,0.0,1470,0.687,1.194,0,0.00046734693877551023,81.0
F,82,18,2.0,30.0,0.0,1471,0.69,1.193,0,0.00046906866077498296,0.0
M,80,17,1.0,28.0,0.0,1660,0.728,1.057,0,0.00043855421686746985,160.0
M,82,17,1.0,29.0,0.0,1692,0.723,1.037,0,0.0004273049645390071,82.0
M,84,17,1.0,29.0,0.0,1707,0.717,1.028,0,0.0004200351493848857,84.0
M,85,17,1.0,30.0,0.0,1724,0.704,1.018,0,0.00040835266821345707,0.0
M,86,17,1.0,30.0,0.0,1720,0.705,1.02,0,0.00040988372093023255,0.0
F,83,13,2.0,27.0,1.0,1391,0.705,1.262,1,0.0005068296189791517,249.0
F,84,13,2.0,28.0,1.0,1402,0.695,1.252,1,0.0004957203994293865,168.0
F,70,14,3.0,29.0,0.0,1524,0.787,1.151,0,0.0005164041994750656,70.0
F,72,14,3.0,28.0,0.0,1512,0.777,1.161,0,0.0005138888888888889,144.0
F,75,14,3.0,28.0,0.0,1507,0.782,1.164,0,0.0005189117451891175,150.0
F,76,14,3.0,29.0,0.0,1490,0.774,1.178,0,0.0005194630872483221,76.0
F,77,14,3.0,29.0,0.0,1504,0.769,1.167,0,0.0005113031914893618,77.0
F,73,8,5.0,25.0,0.5,1151,0.743,1.525,1,0.0006455256298870547,365.0
F,75,8,5.0,22.5,0.5,1143,0.741,1.535,1,0.0006482939632545931,562.5
F,66,18,2.0,30.0,0.0,1504,0.725,1.167,0,0.0004820478723404255,0.0
F,69,18,2.0,29.0,0.0,1536,0.719,1.143,0,0.00046809895833333333,69.0
F,71,18,2.0,30.0,0.0,1520,0.718,1.155,0,0.00047236842105263154,0.0
M,69,16,2.0,28.0,0.0,1848,0.737,0.95,0,0.00039880952380952383,138.0
M,73,16,2.0,29.0,0.0,1931,0.722,0.909,0,0.0003738995339202486,73.0
M,89,16,1.0,28.0,0.0,1631,0.674,1.076,0,0.00041324340895156346,178.0
M,91,16,1.0,28.0,0.0,1640,0.67,1.07,0,0.0004085365853658537,182.0
M,92,16,1.0,30.0,0.0,1662,0.682,1.056,0,0.0004103489771359808,0.0
F,69,12,4.0,23.0,0.5,1447,0.759,1.213,1,0.0005245335176226676,483.0
F,71,12,4.0,22.5,1.0,1492,0.725,1.176,1,0.0004859249329758713,532.5
F,73,12,4.0,22.5,1.0,1478,0.696,1.188,1,0.00047090663058186737,547.5
M,66,15,2.0,25.0,0.5,1548,0.727,1.134,1,0.00046963824289405684,330.0
M,68,15,2.0,30.0,0.5,1556,0.713,1.128,1,0.0004582262210796915,0.0
M,69,15,2.0,28.0,0.5,1546,0.724,1.135,1,0.00046830530401034925,138.0
F,82,12,4.0,26.0,0.5,1271,0.695,1.381,1,0.0005468135326514555,328.0
F,84,12,4.0,26.0,0.5,1273,0.686,1.378,1,0.0005388845247446976,336.0
F,78,8,5.0,29.0,0.0,1383,0.756,1.269,0,0.0005466377440347072,78.0
F,80,8,5.0,27.0,0.0,1381,0.751,1.27,0,0.0005438088341781317,240.0
F,63,15,2.0,28.0,0.0,1544,0.805,1.136,0,0.0005213730569948187,126.0
F,65,15,2.0,28.0,0.0,1542,0.792,1.138,0,0.0005136186770428016,130.0
F,96,17,1.0,26.0,1.0,1465,0.683,1.198,1,0.0004662116040955632,384.0
F,98,17,1.0,22.5,2.0,1503,0.66,1.168,1,0.00043912175648702596,735.0
M,78,12,4.0,22.5,1.0,1477,0.672,1.188,1,0.0004549763033175356,585.0
M,80,12,4.0,22.5,1.0,1494,0.661,1.175,1,0.0004424364123159304,600.0
M,70,12,2.0,29.0,0.5,1432,0.692,1.225,1,0.00048324022346368713,70.0
M,72,12,2.0,27.0,1.0,1432,0.684,1.226,1,0.00047765363128491624,216.0
M,73,18,2.0,29.0,0.0,1548,0.773,1.134,0,0.0004993540051679586,73.0
M,75,18,2.0,29.0,0.0,1534,0.772,1.144,0,0.0005032594524119948,75.0
M,76,18,2.0,30.0,0.0,1550,0.758,1.133,0,0.0004890322580645162,0.0
M,75,12,4.0,28.0,0.0,1511,0.739,1.162,0,0.0004890800794176042,150.0
M,78,12,4.0,29.0,0.0,1506,0.715,1.166,0,0.0004747675962815405,78.0
F,83,12,2.0,28.0,0.0,1383,0.748,1.269,0,0.0005408532176428055,166.0
F,84,12,2.0,27.0,0.5,1390,0.728,1.263,1,0.0005237410071942446,252.0
F,61,16,1.0,30.0,0.0,1513,0.771,1.16,0,0.0005095836087243887,0.0
F,63,16,1.0,30.0,0.0,1449,0.774,1.212,0,0.0005341614906832298,0.0
M,71,18,1.0,30.0,0.0,1769,0.699,0.992,0,0.0003951384963256077,0.0
M,72,18,1.0,29.0,0.0,1785,0.687,0.983,0,0.00038487394957983196,72.0
M,74,18,1.0,29.0,0.0,1814,0.679,0.967,0,0.00037431091510474094,74.0
F,89,13,3.0,29.0,0.0,1154,0.75,1.521,0,0.0006499133448873484,89.0
F,91,13,3.0,28.0,0.0,1165,0.736,1.506,0,0.0006317596566523605,182.0
M,74,16,2.0,30.0,0.0,1611,0.729,1.089,0,0.0004525139664804469,0.0
M,77,16,2.0,30.0,0.0,1628,0.709,1.078,0,0.0004355036855036855,0.0
M,66,12,4.0,30.0,0.5,1446,0.78,1.214,1,0.0005394190871369295,0.0
M,67,12,4.0,28.0,0.5,1412,0.783,1.243,1,0.0005545325779036827,134.0
F,80,12,2.0,27.0,0.5,1475,0.762,1.19,1,0.0005166101694915254,240.0
F,83,12,2.0,23.0,0.5,1484,0.75,1.183,1,0.0005053908355795149,581.0
F,77,11,4.0,29.0,0.0,1583,0.777,1.108,0,0.0004908401768793431,77.0
F,80,11,4.0,30.0,0.0,1586,0.757,1.107,0,0.0004773013871374527,0.0
F,82,11,4.0,30.0,0.0,1590,0.76,1.104,0,0.0004779874213836478,0.0
F,71,18,2.0,30.0,0.0,1371,0.769,1.28,0,0.0005609044493070751,0.0
F,74,18,2.0,30.0,0.0,1400,0.752,1.254,0,0.0005371428571428571,0.0
F,76,18,2.0,30.0,0.0,1379,0.757,1.273,0,0.0005489485134155185,0.0
M,82,15,3.0,29.0,0.5,1499,0.689,1.171,1,0.00045963975983989323,82.0
M,84,15,3.0,29.0,0.5,1497,0.686,1.172,1,0.00045824983299933204,84.0
M,86,15,3.0,30.0,0.5,1498,0.681,1.171,1,0.0004546061415220294,0.0
F,69,16,1.0,30.0,0.0,1404,0.75,1.25,0,0.0005341880341880342,0.0
F,74,16,1.0,30.0,0.5,1423,0.722,1.233,1,0.0005073787772312017,0.0
F,75,16,1.0,30.0,0.5,1419,0.731,1.236,1,0.0005151515151515151,0.0
M,70,16,1.0,25.0,0.5,1568,0.696,1.119,1,0.00044387755102040814,350.0
M,71,16,1.0,22.5,1.0,1562,0.685,1.123,1,0.0004385403329065301,532.5
M,86,12,4.0,29.0,0.0,1783,0.703,0.984,0,0.0003942793045429052,86.0
M,87,12,4.0,30.0,0.0,1762,0.718,0.996,0,0.0004074914869466515,0.0
F,70,11,4.0,22.5,1.0,1445,0.722,1.214,1,0.0004996539792387543,525.0
F,72,11,4.0,22.5,1.0,1489,0.686,1.179,1,0.0004607118871725991,540.0
M,77,18,1.0,25.0,0.5,1604,0.781,1.094,1,0.00048690773067331674,385.0
M,79,18,1.0,27.0,0.5,1569,0.781,1.118,1,0.0004977692797960484,237.0
M,81,11,4.0,28.0,0.0,1750,0.67,1.003,0,0.0003828571428571429,162.0
M,83,11,4.0,29.0,0.0,1744,0.67,1.006,0,0.0003841743119266055,83.0
M,62,12,4.0,22.5,0.5,1525,0.732,1.151,1,0.00048,465.0
M,65,12,4.0,22.5,0.5,1520,0.699,1.155,1,0.00045986842105263156,487.5
F,76,12,3.0,27.0,0.5,1315,0.698,1.335,1,0.0005307984790874524,228.0
F,78,12,3.0,22.5,0.5,1339,0.689,1.311,1,0.0005145631067961164,585.0
F,73,13,2.0,23.0,0.5,1536,0.725,1.142,1,0.00047200520833333334,511.0
F,75,13,2.0,28.0,0.5,1520,0.708,1.155,1,0.0004657894736842105,150.0
F,76,12,2.0,27.0,0.5,1316,0.727,1.333,1,0.0005524316109422492,228.0
F,78,12,2.0,27.0,1.0,1309,0.709,1.341,1,0.0005416348357524828,234.0
F,73,12,3.0,27.0,0.5,1425,0.769,1.232,1,0.0005396491228070176,219.0
F,75,12,3.0,28.0,0.5,1407,0.77,1.247,1,0.0005472636815920398,150.0
M,73,20,2.0,30.0,0.0,1842,0.758,0.953,0,0.00041150922909880563,0.0
M,74,20,2.0,30.0,0.0,1806,0.759,0.972,0,0.000420265780730897,0.0
M,76,20,2.0,30.0,0.0,1823,0.739,0.963,0,0.0004053757542512342,0.0
M,78,20,2.0,29.0,0.0,1826,0.734,0.961,0,0.0004019715224534502,78.0
F,67,14,4.0,30.0,0.0,1508,0.794,1.164,0,0.000526525198938992,0.0
F,71,14,4.0,26.0,0.5,1529,0.788,1.147,1,0.0005153695225637672,284.0
F,81,15,2.0,28.0,0.0,1486,0.754,1.181,0,0.0005074024226110363,162.0
F,83,15,2.0,29.0,0.0,1482,0.751,1.184,0,0.0005067476383265857,83.0
F,85,15,2.0,30.0,0.0,1488,0.741,1.18,0,0.000497983870967742,0.0
F,76,14,3.0,25.0,1.0,1409,0.715,1.246,1,0.0005074520936834635,380.0
F,78,14,3.0,22.5,2.0,1401,0.7,1.253,1,0.0004996431120628123,585.0
F,73,11,4.0,30.0,0.0,1475,0.726,1.19,0,0.0004922033898305085,0.0
F,74,11,4.0,30.0,0.0,1517,0.705,1.157,0,0.0004647330257086354,0.0
F,86,16,3.0,30.0,0.0,1293,0.747,1.357,0,0.0005777262180974477,0.0
F,88,16,3.0,30.0,0.0,1295,0.744,1.355,0,0.0005745173745173746,0.0
M,70,16,3.0,29.0,0.5,1463,0.749,1.2,1,0.0005119617224880383,70.0
M,71,16,3.0,27.0,0.5,1479,0.75,1.187,1,0.0005070993914807302,213.0
F,74,12,3.0,29.0,0.0,1344,0.739,1.306,0,0.0005498511904761904,74.0
F,75,12,3.0,29.0,0.0,1338,0.747,1.312,0,0.0005582959641255605,75.0
F,77,12,3.0,29.0,0.0,1344,0.74,1.306,0,0.000550595238095238,77.0
M,79,18,1.0,29.0,0.0,1644,0.729,1.067,0,0.00044343065693430657,79.0
M,81,18,1.0,29.0,0.5,1654,0.72,1.061,1,0.00043530834340991533,81.0
M,81,18,1.0,29.0,0.5,1647,0.717,1.066,1,0.00043533697632058285,81.0
M,84,18,1.0,29.0,0.5,1668,0.694,1.052,1,0.0004160671462829736,84.0
M,86,18,1.0,30.0,0.5,1670,0.669,1.051,1,0.0004005988023952096,0.0
F,76,16,1.0,28.0,0.0,1346,0.762,1.304,0,0.0005661218424962854,152.0
F,79,16,1.0,29.0,0.0,1354,0.739,1.297,0,0.0005457902511078286,79.0
F,78,18,1.0,30.0,0.0,1440,0.666,1.219,0,0.0004625,0.0
F,80,18,1.0,30.0,0.0,1436,0.663,1.222,0,0.0004616991643454039,0.0
F,82,18,1.0,29.0,0.0,1442,0.644,1.217,0,0.0004466019417475728,82.0
F,65,12,2.0,30.0,0.5,1340,0.754,1.309,1,0.0005626865671641791,0.0
F,67,12,2.0,25.0,0.0,1331,0.761,1.318,0,0.0005717505634861007,335.0
F,78,12,3.0,29.0,0.0,1475,0.731,1.19,0,0.0004955932203389831,78.0
F,81,12,3.0,28.0,0.5,1495,0.687,1.174,1,0.00045953177257525085,162.0
F,70,11,4.0,29.0,0.5,1295,0.748,1.355,1,0.0005776061776061776,70.0
F,71,11,4.0,28.0,0.5,1284,0.741,1.367,1,0.0005771028037383178,142.0
M,74,18,2.0,30.0,0.0,1636,0.68,1.073,0,0.0004156479217603912,0.0
M,78,18,2.0,27.0,0.0,1645,0.663,1.067,0,0.00040303951367781155,234.0
M,74,18,2.0,28.0,0.5,1659,0.739,1.058,1,0.0004454490657022303,148.0
M,75,18,2.0,30.0,0.5,1651,0.737,1.063,1,0.0004463961235614779,0.0
F,73,16,2.0,29.0,0.0,1123,0.786,1.563,0,0.0006999109528049867,73.0
F,75,16,2.0,28.0,0.0,1106,0.767,1.5839999999999999,0,0.0006934900542495479,150.0
F,67,16,1.0,29.0,0.5,1337,0.766,1.312,1,0.0005729244577412116,67.0
F,68,16,1.0,29.0,0.5,1344,0.733,1.305,1,0.0005453869047619047,68.0
F,76,16,3.0,26.0,0.5,1391,0.705,1.262,1,0.0005068296189791517,304.0
F,78,16,3.0,27.0,0.5,1393,0.69,1.26,1,0.0004953338119167265,234.0
F,81,16,3.0,25.0,0.5,1396,0.687,1.257,1,0.0004921203438395416,405.0
F,65,18,2.0,30.0,0.0,1277,0.812,1.374,0,0.0006358653093187158,0.0
F,68,18,2.0,29.0,0.0,1290,0.795,1.361,0,0.0006162790697674419,68.0
F,69,16,3.0,29.0,0.0,1380,0.819,1.272,0,0.0005934782608695651,69.0
F,71,16,3.0,28.0,0.0,1390,0.81,1.262,0,0.0005827338129496403,142.0
F,89,18,2.0,30.0,0.0,1715,0.746,1.023,0,0.00043498542274052475,0.0
F,91,18,2.0,30.0,0.0,1714,0.741,1.024,0,0.0004323220536756126,0.0
F,93,18,2.0,29.0,0.0,1744,0.723,1.006,0,0.0004145642201834862,93.0
M,77,16,1.0,30.0,0.0,1704,0.716,1.03,0,0.00042018779342723004,0.0
M,79,16,1.0,30.0,0.5,1722,0.708,1.019,1,0.0004111498257839721,0.0
F,68,16,3.0,30.0,0.0,1298,0.799,1.352,0,0.000615562403697997,0.0
F,73,16,3.0,29.0,0.5,1287,0.771,1.364,1,0.0005990675990675991,73.0
F,80,15,2.0,22.5,1.0,1732,0.685,1.013,1,0.00039549653579676677,600.0
F,82,15,2.0,22.5,1.0,1729,0.698,1.015,1,0.0004037015615962984,615.0
F,77,13,2.0,29.0,0.0,1351,0.769,1.299,0,0.0005692079940784605,77.0
F,78,13,2.0,29.0,0.0,1334,0.769,1.316,0,0.0005764617691154422,78.0
F,80,13,2.0,28.0,0.0,1337,0.762,1.313,0,0.0005699326851159312,160.0
F,82,13,2.0,30.0,0.0,1342,0.747,1.307,0,0.0005566318926974664,0.0
F,81,13,2.0,29.0,0.0,1345,0.737,1.305,0,0.0005479553903345725,81.0
F,83,13,2.0,30.0,0.0,1335,0.732,1.314,0,0.000548314606741573,0.0
F,73,12,3.0,30.0,0.5,1343,0.72,1.306,1,0.0005361131794489948,0.0
F,75,12,3.0,27.0,1.0,1357,0.714,1.293,1,0.0005261606484893147,225.0
F,66,18,2.0,29.0,0.0,1191,0.785,1.474,0,0.0006591099916036944,66.0
F,68,18,2.0,29.0,0.0,1194,0.772,1.469,0,0.0006465661641541038,68.0
F,69,18,2.0,29.0,0.0,1202,0.77,1.461,0,0.0006405990016638936,69.0
F,75,18,1.0,29.0,0.0,1436,0.75,1.222,0,0.0005222841225626741,75.0
F,77,18,1.0,28.0,0.0,1559,0.713,1.125,0,0.0004573444515715202,154.0
F,78,18,1.0,30.0,0.0,1243,0.748,1.412,0,0.0006017699115044248,0.0
F,81,18,1.0,30.0,0.0,1256,0.739,1.398,0,0.000588375796178344,0.0
F,73,12,2.0,22.5,1.0,1274,0.728,1.377,1,0.0005714285714285714,547.5
F,75,12,2.0,22.5,1.0,1479,0.657,1.187,1,0.0004442190669371197,562.5
F,73,15,4.0,29.0,0.0,1272,0.697,1.38,0,0.0005479559748427673,73.0
F,76,15,4.0,29.0,0.0,1281,0.68,1.37,0,0.0005308352849336456,76.0
F,73,14,3.0,29.0,0.5,1238,0.757,1.418,1,0.000611470113085622,73.0
F,76,14,3.0,28.0,0.5,1236,0.764,1.419,1,0.0006181229773462784,152.0
M,76,12,2.0,27.0,0.5,1557,0.705,1.127,1,0.0004527938342967244,228.0
M,78,12,2.0,29.0,1.0,1569,0.704,1.119,1,0.00044869343530911407,78.0
M,77,16,1.0,29.0,0.0,1818,0.734,0.965,0,0.00040374037403740373,77.0
M,79,16,1.0,30.0,0.0,1817,0.736,0.966,0,0.0004050632911392405,0.0
M,80,16,1.0,29.0,0.0,1830,0.724,0.959,0,0.0003956284153005464,80.0
M,82,14,2.0,23.0,0.5,1514,0.678,1.159,1,0.00044782034346103043,574.0
M,84,14,2.0,22.5,0.5,1550,0.665,1.132,1,0.00042903225806451614,630.0
M,77,20,1.0,23.0,1.0,1713,0.756,1.024,1,0.00044133099824868654,539.0
M,79,20,1.0,25.0,2.0,1710,0.76,1.026,1,0.00044444444444444447,395.0
M,78,12,3.0,23.0,1.0,1491,0.71,1.177,1,0.0004761904761904762,546.0
M,80,12,3.0,22.5,1.0,1755,0.696,1.0,1,0.00039658119658119654,600.0
F,71,18,1.0,30.0,0.0,1426,0.731,1.231,0,0.0005126227208976157,0.0
F,73,18,1.0,30.0,0.0,1414,0.739,1.241,0,0.0005226308345120226,0.0
M,76,16,3.0,30.0,0.0,1832,0.769,0.958,0,0.00041975982532751094,0.0
M,77,16,3.0,30.0,0.0,1820,0.768,0.964,0,0.000421978021978022,0.0
M,81,16,3.0,30.0,0.0,1836,0.744,0.956,0,0.00040522875816993465,0.0
M,75,16,1.0,30.0,0.5,1891,0.709,0.928,1,0.0003749338974087784,0.0
M,79,16,1.0,29.0,0.5,1899,0.7,0.924,1,0.0003686150605581885,79.0
M,60,12,4.0,30.0,0.0,1379,0.806,1.273,0,0.0005844815083393764,0.0
M,62,12,4.0,30.0,0.0,1378,0.795,1.274,0,0.000576923076923077,0.0
M,64,12,4.0,30.0,0.0,1370,0.794,1.281,0,0.0005795620437956205,0.0
M,70,16,4.0,26.0,0.5,1796,0.742,0.977,1,0.00041314031180400893,280.0
M,72,16,4.0,28.0,0.5,1796,0.732,0.977,1,0.0004075723830734967,144.0
M,73,16,4.0,28.0,0.5,1803,0.731,0.973,1,0.00040543538546866333,146.0
M,84,16,2.0,30.0,0.0,1404,0.71,1.25,0,0.0005056980056980057,0.0
M,87,16,2.0,30.0,0.0,1398,0.696,1.255,0,0.0004978540772532188,0.0
M,89,16,2.0,30.0,0.5,1408,0.679,1.246,1,0.00048224431818181824,0.0
M,68,14,3.0,26.0,0.0,1444,0.778,1.216,0,0.0005387811634349031,272.0
M,70,14,3.0,28.0,0.0,1510,0.77,1.162,0,0.0005099337748344371,140.0
F,89,14,2.0,29.0,0.0,1509,0.756,1.163,0,0.0005009940357852883,89.0
F,90,14,2.0,28.0,0.0,1495,0.746,1.174,0,0.0004989966555183947,180.0
F,93,14,2.0,30.0,0.0,1488,0.735,1.179,0,0.0004939516129032257,0.0
M,79,20,1.0,26.0,0.5,1548,0.711,1.134,1,0.0004593023255813953,316.0
M,81,20,1.0,26.0,0.5,1556,0.691,1.128,1,0.0004440874035989717,324.0
F,74,12,2.0,26.0,0.5,1171,0.733,1.499,1,0.0006259607173356106,296.0
F,75,12,2.0,29.0,1.0,1169,0.742,1.501,1,0.0006347305389221557,75.0
F,77,12,2.0,29.0,1.0,1159,0.733,1.515,1,0.00063244176013805,77.0
M,73,12,2.0,23.0,0.5,1661,0.698,1.056,1,0.00042022877784467184,511.0
M,75,12,2.0,22.5,0.5,1654,0.696,1.061,1,0.0004207980652962515,562.5
F,66,13,2.0,30.0,0.0,1495,0.746,1.174,0,0.0004989966555183947,0.0
F,66,13,2.0,30.0,0.0,1506,0.74,1.165,0,0.0004913678618857902,0.0
F,68,13,2.0,30.0,0.0,1506,0.74,1.165,0,0.0004913678618857902,0.0
F,72,13,2.0,30.0,0.0,1510,0.723,1.162,0,0.0004788079470198675,0.0
F,72,16,3.0,24.0,0.5,1354,0.733,1.296,1,0.0005413589364844904,432.0
F,73,16,3.0,22.5,1.0,1351,0.708,1.299,1,0.0005240562546262028,547.5
M,80,16,1.0,28.0,0.5,1704,0.711,1.03,1,0.00041725352112676053,160.0
M,82,16,1.0,28.0,0.5,1693,0.694,1.037,1,0.00040992321323095093,164.0
M,86,16,1.0,26.0,0.5,1688,0.675,1.04,1,0.00039988151658767773,344.0
F,61,13,2.0,30.0,0.0,1319,0.801,1.331,0,0.0006072782410917363,0.0
F,63,13,2.0,30.0,0.0,1327,0.796,1.323,0,0.0005998492840994725,0.0
F,65,13,2.0,30.0,0.0,1333,0.801,1.317,0,0.0006009002250562641,0.0
